Name,Address,Phone,Website,Email,Year Established,ABN,Monday,Tuesday,Wednesday,Thursday,Friday,Saturday,Sunday,Public Holidays,Categories,Full Category Tree,URL
Media Odyssey,"103-111 Wendt Rd, Chambers Flat, QLD, 4133",(07) 34580487,http://www.ody.com.au,moonline@ody.com.au,1994,NA,NA,NA,NA,NA,NA,NA,NA,NA,Film Productions,"Professional Services,Film Productions,QLD: Brisbane,Chambers Flat",https://www.startlocal.com.au/professional/filmproduction/qld_brisbane/Media_Odyssey_895516.html
Zoom Film & Television,"815 New Cleveland Rd, Gumdale, QLD, 4154",(07) 33939931,http://www.zoomfilmtv.com.au,NA,NA,NA,NA,NA,NA,NA,NA,NA,NA,NA,Film Productions,"Professional Services,Film Productions,QLD: Brisbane,Gumdale",https://www.startlocal.com.au/professional/filmproduction/qld_brisbane/Zoom_Film_Television_895507.html
Monkey House Film & Television,"PO Box 745, Everton Park, QLD, 4053",(07) 31142754,NA,NA,NA,NA,NA,NA,NA,NA,NA,NA,NA,NA,Film Productions,"Professional Services,Film Productions,QLD: Brisbane,Everton Park",https://www.startlocal.com.au/professional/filmproduction/qld_brisbane/Monkey_House_Film_Television_1623060.html
The Picture Club,"72 Blackwood St, Mitchelton, QLD, 4053",(07) 33117233,http://www.thepictureclub.com.au,maps@roi.com.au,NA,NA,NA,NA,NA,NA,NA,NA,NA,NA,Film Productions,"Professional Services,Film Productions,QLD: Brisbane,Mitchelton",https://www.startlocal.com.au/professional/filmproduction/qld_brisbane/The_Picture_Club_2811362.html
Point Enterprises,"Mintee St, Point Lookout, QLD, 4183",(07) 34098993,NA,NA,NA,NA,NA,NA,NA,NA,NA,NA,NA,NA,Film Productions,"Professional Services,Film Productions,QLD: Brisbane,Point Lookout",https://www.startlocal.com.au/professional/filmproduction/qld_brisbane/Point_Enterprises_895519.html
Gobbledegook Enterprises,"692 South Pine Rd, Everton Park, QLD, 4053",(07) 33551168,NA,NA,NA,NA,NA,NA,NA,NA,NA,NA,NA,NA,Film Productions,"Professional Services,Film Productions,QLD: Brisbane,Everton Park",https://www.startlocal.com.au/professional/filmproduction/qld_brisbane/Gobbledegook_Enterprises_895489.html
Green Cape Wildlife Films,"Po Box 255, Point Lookout, QLD, 4183",(07) 34098899,NA,NA,NA,NA,NA,NA,NA,NA,NA,NA,NA,NA,Film Productions,"Professional Services,Film Productions,QLD: Brisbane,Point Lookout",https://www.startlocal.com.au/professional/filmproduction/qld_brisbane/Green_Cape_Wildlife_Films_895518.html
Photon Vfx,"Warner Studios Pacific Highway, Oxenford, QLD, 4210",(07) 55025222,NA,NA,NA,NA,NA,NA,NA,NA,NA,NA,NA,NA,Film Productions,"Professional Services,Film Productions,QLD: Gold Coast,Oxenford",https://www.startlocal.com.au/professional/filmproduction/qld_goldcoast/Photon_Vfx_895524.html
Digital Sound & Vision Pty Ltd,"Wrs Studios Pacific Hwy, Oxenford, QLD, 4210",(07) 55733854,NA,NA,NA,NA,NA,NA,NA,NA,NA,NA,NA,NA,Film Productions,"Professional Services,Film Productions,QLD: Gold Coast,Oxenford",https://www.startlocal.com.au/professional/filmproduction/qld_goldcoast/Digital_Sound_Vision_Pty_Ltd_1623049.html
Atlab Qld Pty Ltd,"Pacific Hwy, Oxenford, QLD, 4210",(07) 55736500,NA,NA,NA,NA,NA,NA,NA,NA,NA,NA,NA,NA,Film Productions,"Professional Services,Film Productions,QLD: Gold Coast,Oxenford",https://www.startlocal.com.au/professional/filmproduction/qld_goldcoast/Atlab_Qld_Pty_Ltd_1623050.html
Finlay Warwick Et Al Pty Ltd,"120 Mt Crosby Rd, Anstead, QLD, 4070",(07) 32028550,NA,NA,NA,NA,NA,NA,NA,NA,NA,NA,NA,NA,Film Productions,"Professional Services,Film Productions,QLD: Brisbane,Anstead",https://www.startlocal.com.au/professional/filmproduction/qld_brisbane/Finlay_Warwick_Et_Al_Pty_Ltd_1623044.html
Movie Location,"43 Justin Ave, Mt Tamborine, QLD, 4272",(07) 55450488,http://www.movielocation.com.au,movielocationonmttamborine@gmail.com,2010,NA,NA,NA,NA,NA,NA,NA,NA,NA,Film Productions,"Professional Services,Film Productions,QLD: Gold Coast,Mt Tamborine",https://www.startlocal.com.au/professional/filmproduction/qld_goldcoast/Movie_Location_1910323.html
Blue Bay Pictures Pty Ltd,"10 Leura Pl, Helensvale, QLD, 4212",(07) 55731890,NA,NA,NA,NA,NA,NA,NA,NA,NA,NA,NA,NA,Film Productions,"Professional Services,Film Productions,QLD: Gold Coast,Helensvale",https://www.startlocal.com.au/professional/filmproduction/qld_goldcoast/Blue_Bay_Pictures_Pty_Ltd_1623055.html
Beeps Pty Ltd,"56 Siganto Drv, Oxenford, QLD, 4210",(07) 55560661,NA,NA,NA,NA,NA,NA,NA,NA,NA,NA,NA,NA,Film Productions,"Professional Services,Film Productions,QLD: Gold Coast,Oxenford",https://www.startlocal.com.au/professional/filmproduction/qld_goldcoast/Beeps_Pty_Ltd_1623051.html
Artisan Media Productions,"By Appointment, Beaudesert, QLD, 4285",0459 537 843,http://artisanmediaproductions.com.au,info@artisanmediaproductions.com.au,NA,NA,NA,NA,NA,NA,NA,NA,NA,NA,"Wedding Video Services,Film Productions,Training Films & Videos Sale & Hire","Personal Services,Wedding Video Services,QLD: Beaudesert District,Beaudesert,Professional Services,Film Productions,QLD: Beaudesert District,Beaudesert,Retail - At Home & General,Training Films & Videos Sale & Hire,QLD: Beaudesert District,Beaudesert",https://www.startlocal.com.au/professional/filmproduction/qld_beaudesertdistrict/Artisan_Media_Productions_3366784.html
The Film Tree,"PO Box 282, Palmwoods, QLD, 4555",(07) 54450565,http://www.thefilmtree.com,aerbacher@hotmail.com,2008,NA,9:00am - 5:00pm,9:00am - 5:00pm,9:00am - 5:00pm,9:00am - 5:00pm,9:00am - 5:00pm,9:00am - 5:00pm,9:00am - 5:00pm,---,"Advertising Agencies,Film Productions,Graphic Designers","Business Services,Advertising Agencies,QLD: Sunshine Coast,Palmwoods,Professional Services,Film Productions,QLD: Sunshine Coast,Palmwoods,Professional Services,Graphic Designers,QLD: Sunshine Coast,Palmwoods",https://www.startlocal.com.au/services/advertise/qld_sunshinecoast/The_Film_Tree_1876743.html
Oxigeno Pty Ltd,"PO BOX 1053, Maroochydore, QLD, 4558",0413 203 976,http://www.oxigeno.com.au,info@oxigeno.com.au,NA,NA,NA,NA,NA,NA,NA,NA,NA,NA,"Video & DVD Duplication,Film Productions","Personal Services,Video & DVD Duplication,QLD: Sunshine Coast,Maroochydore,Professional Services,Film Productions,QLD: Sunshine Coast,Maroochydore",https://www.startlocal.com.au/professional/filmproduction/qld_sunshinecoast/Oxigeno_Pty_Ltd_2817968.html
Moving Image Media,"71 Jillian Rd, Diamond Valley, QLD, 4553",(07) 54947051,NA,NA,NA,NA,NA,NA,NA,NA,NA,NA,NA,NA,"Video & DVD Duplication,Film Productions","Personal Services,Video & DVD Duplication,QLD: Sunshine Coast,Diamond Valley,Professional Services,Film Productions,QLD: Sunshine Coast,Diamond Valley",https://www.startlocal.com.au/professional/filmproduction/qld_sunshinecoast/Moving_Image_Media_1875188.html
Construction One Pty Ltd,"543 Valdora Rd, Valdora, QLD, 4561",0418 874714,NA,NA,NA,NA,NA,NA,NA,NA,NA,NA,NA,NA,Film Productions,"Professional Services,Film Productions,QLD: Sunshine Coast,Valdora",https://www.startlocal.com.au/professional/filmproduction/qld_sunshinecoast/Construction_One_Pty_Ltd_1623061.html
Egenus Outdoor Design,"200 Sandgate Rd, Albion, QLD, 4010",412226156,NA,NA,NA,NA,NA,NA,NA,NA,NA,NA,NA,NA,"Landscaping,Landscape Architect & Design","Home Services,Landscaping,QLD: Brisbane,Albion,Professional Services,Landscape Architect & Design,QLD: Brisbane,Albion",https://www.startlocal.com.au/services/landscape/qld_brisbane/Egenus_Outdoor_Design_2797561.html
Hassall David,"Level 3 14 Cox Rd, Windsor, QLD, 4030",738578477,NA,NA,NA,NA,NA,NA,NA,NA,NA,NA,NA,NA,"Landscaping,Landscape Architect & Design","Home Services,Landscaping,QLD: Brisbane,Windsor,Professional Services,Landscape Architect & Design,QLD: Brisbane,Windsor",https://www.startlocal.com.au/services/landscape/qld_brisbane/Hassall_David_2507250.html
Blair M Wilson & Associates Pty,"24 Ormond St, Ascot, QLD, 4007",738684354,NA,NA,NA,NA,NA,NA,NA,NA,NA,NA,NA,NA,"Landscaping,Landscape Architect & Design","Home Services,Landscaping,QLD: Brisbane,Ascot,Professional Services,Landscape Architect & Design,QLD: Brisbane,Ascot",https://www.startlocal.com.au/services/landscape/qld_brisbane/Blair_M_Wilson_Associates_Pty_2220768.html
Scott Taylor,"447 St Pauls Tce, Fortitude Valley, QLD, 4006",732521977,http://www.terrain.com.au,NA,NA,NA,NA,NA,NA,NA,NA,NA,NA,NA,"Architects,Landscaping,Landscape Architect & Design","Building & Renovation,Architects,QLD: Brisbane,Fortitude Valley,Home Services,Landscaping,QLD: Brisbane,Fortitude Valley,Professional Services,Landscape Architect & Design,QLD: Brisbane,Fortitude Valley",https://www.startlocal.com.au/services/architect/qld_brisbane/Scott_Taylor_2398025.html
Form Landscape Architects,"17A Helen St, Newstead, QLD, 4006",732160606,http://www.formla.com.au,NA,NA,NA,NA,NA,NA,NA,NA,NA,NA,NA,"Landscaping,Landscape Architect & Design","Home Services,Landscaping,QLD: Brisbane,Newstead,Professional Services,Landscape Architect & Design,QLD: Brisbane,Newstead",https://www.startlocal.com.au/services/landscape/qld_brisbane/Form_Landscape_Architects_2173139.html
Indooroopilly Megaplex,"Indooroopilly Shoppingtown 318 Moggill Rd, Indooroopilly, QLD, 4068",738782525,NA,NA,NA,NA,NA,NA,NA,NA,NA,NA,NA,NA,"Motion Picture Exhibition,Cinemas","Professional Services,Motion Picture Exhibition,QLD: Brisbane,Indooroopilly,Recreation and Entertainment,Cinemas,QLD: Brisbane,Indooroopilly",https://www.startlocal.com.au/recreation/cinema/qld_brisbane/Indooroopilly_Megaplex_2388037.html
Platinum Lending,"Level 1 354 Mann St, North Gosford, NSW, 2250",243232413,NA,NA,NA,NA,NA,NA,NA,NA,NA,NA,NA,NA,"Finance Brokers,Financing,Leasing Services","Finance and Insurance,Finance Brokers,NSW: Central Coast,North Gosford,Finance and Insurance,Financing,NSW: Central Coast,North Gosford,Professional Services,Leasing Services,NSW: Central Coast,North Gosford",https://www.startlocal.com.au/finance/financebrokers/nsw_centralcoast/Platinum_Lending_2576955.html
Act 1 Theatre Incorporated,"Gympie Rd, Strathpine, QLD, 4500",732057578,NA,NA,NA,NA,NA,NA,NA,NA,NA,NA,NA,NA,"Motion Picture Exhibition,Cinemas","Professional Services,Motion Picture Exhibition,QLD: Brisbane,Strathpine,Recreation and Entertainment,Cinemas,QLD: Brisbane,Strathpine",https://www.startlocal.com.au/recreation/cinema/qld_brisbane/Act_1_Theatre_Incorporated_2109783.html
Old Made Creative,"By Appointment, Bulimba, QLD, 4171",0415 199 466,http://www.oldmade.com.au,alisanewey@gmail.com,NA,NA,NA,NA,NA,NA,NA,NA,NA,NA,"Other Specialised Design Services,Furnishings Retailers,Furniture Made To Order","Professional Services,Other Specialised Design Services,QLD: Brisbane,Bulimba,Retail - At Home & General,Furnishings Retailers,QLD: Brisbane,Bulimba,Retail - At Home & General,Furniture Made To Order,QLD: Brisbane,Bulimba",https://www.startlocal.com.au/retailmisc/furnishings/qld_brisbane/Old_Made_Creative_3324144.html
Birch Carroll & Coyle Limited,"Indooroopilly+Indooroopilly Megaplex+Indooroopilly Shopping Centre+318, Indooroopilly, QLD, 4068",738780000,http://www.eventcinemas.com.au,NA,NA,NA,NA,NA,NA,NA,NA,NA,NA,NA,"Motion Picture Exhibition,Cinemas","Professional Services,Motion Picture Exhibition,QLD: Brisbane,Indooroopilly,Recreation and Entertainment,Cinemas,QLD: Brisbane,Indooroopilly",https://www.startlocal.com.au/recreation/cinema/qld_brisbane/Birch_Carroll_Coyle_Limited_2190352.html
Home Audio Solutions,"19 Jillian St, Chapel Hill, QLD, 4069",408790313,http://www.homeaudiosolutions.com.au,NA,2003,2147483647,NA,NA,NA,NA,NA,NA,NA,NA,"Motion Picture Exhibition,Home Theatre System Installers","Professional Services,Motion Picture Exhibition,QLD: Brisbane,Chapel Hill,Retail - Electrical & Electronics,Home Theatre System Installers,QLD: Brisbane,Chapel Hill",https://www.startlocal.com.au/professional/motionpictureexhibition/qld_brisbane/Home_Audio_Solutions_2416230.html
Central Coast Financial Services,"Unit 1, 202-204 The Entrance Rd, Erina, NSW, 2250",(02) 43655899,http://www.ccfin.com.au/,nathan@ccfin.com.au,1985,NA,9:00am - 5:00pm,9:00am - 5:00pm,9:00am - 5:00pm,9:00am - 5:00pm,9:00am - 5:00pm,- Closed -,- Closed -,---,"Finance Brokers,Mortgage Brokers,Leasing Services","Finance and Insurance,Finance Brokers,NSW: Central Coast,Erina,Finance and Insurance,Mortgage Brokers,NSW: Central Coast,Erina,Professional Services,Leasing Services,NSW: Central Coast,Erina",https://www.startlocal.com.au/finance/financebrokers/nsw_centralcoast/Central_Coast_Financial_Services_1624044.html
Coe Michael,"5 Clifford St, Stafford, QLD, 4053",738578682,NA,NA,NA,NA,NA,NA,NA,NA,NA,NA,NA,NA,"Legal Costing and Support,Solicitors - General","Professional Services,Legal Costing and Support,QLD: Brisbane,Stafford,Professional Services,Solicitors - General,QLD: Brisbane,Stafford",https://www.startlocal.com.au/professional/legalcosting/qld_brisbane/Coe_Michael_2763575.html
Elfis Mike Solicitors,"Shop 2 Floor 1 1438 Anzac Ave, Kallangur, QLD, 4503",738860977,NA,NA,NA,NA,NA,NA,NA,NA,NA,NA,NA,NA,"Legal Costing and Support,Solicitors - General","Professional Services,Legal Costing and Support,QLD: Brisbane,Kallangur,Professional Services,Solicitors - General,QLD: Brisbane,Kallangur",https://www.startlocal.com.au/professional/legalcosting/qld_brisbane/Elfis_Mike_Solicitors_2350251.html
Queensland Property Group Pty Ltd,"Level 8 97 Creek St, Brisbane, QLD, 4000",(07) 32293677,NA,NA,NA,NA,NA,NA,NA,NA,NA,NA,NA,NA,Property Consultants,"Professional Services,Property Consultants,QLD: Brisbane,Brisbane",https://www.startlocal.com.au/professional/propertyconsultants/qld_brisbane/Queensland_Property_Group_Pty_Ltd_1764501.html
River City Valuations,"Po Box 8368, Woolloongabba, QLD, 4102",(07) 38958491,NA,NA,NA,NA,NA,NA,NA,NA,NA,NA,NA,NA,Property Consultants,"Professional Services,Property Consultants,QLD: Brisbane,Woolloongabba",https://www.startlocal.com.au/professional/propertyconsultants/qld_brisbane/River_City_Valuations_1764553.html
Gabba Realty (Oricon),"3 Gibbon St, Woolloongabba, QLD, 4102",(07) 38911200,NA,NA,NA,NA,NA,NA,NA,NA,NA,NA,NA,NA,Property Consultants,"Professional Services,Property Consultants,QLD: Brisbane,Woolloongabba",https://www.startlocal.com.au/professional/propertyconsultants/qld_brisbane/Gabba_Realty_Oricon__1764554.html
David Wadley Commercial Property Brokers,"284 Elizabeth St, Brisbane, QLD, 4000",(07) 32202499,NA,NA,NA,NA,NA,NA,NA,NA,NA,NA,NA,NA,Property Consultants,"Professional Services,Property Consultants,QLD: Brisbane,Brisbane",https://www.startlocal.com.au/professional/propertyconsultants/qld_brisbane/David_Wadley_Commercial_Property_Brokers_1054981.html
Warren Lexie Solicitor,"Suite 191 421 Brunswick St, Fortitude Valley, QLD, 4006",731032300,http://www.lexiewarren.com.au,NA,NA,NA,NA,NA,NA,NA,NA,NA,NA,NA,"Property Lawyers and Solicitors,Solicitors - General,Strata Title Management","Professional Services,Property Lawyers and Solicitors,QLD: Brisbane,Fortitude Valley,Professional Services,Solicitors - General,QLD: Brisbane,Fortitude Valley,Professional Services,Strata Title Management,QLD: Brisbane,Fortitude Valley",https://www.startlocal.com.au/professional/propertylawyers/qld_brisbane/Warren_Lexie_Solicitor_2332690.html
Ray White: Chermside,"704 Gympie Rd, Chermside, QLD, 4032",(07) 33501800,http://www.raywhite.com,NA,NA,NA,NA,NA,NA,NA,NA,NA,NA,NA,Real Estate Agents,"Professional Services,Real Estate Agents,QLD: Brisbane,Chermside",https://www.startlocal.com.au/services/estate/qld_brisbane/Ray_White_Chermside_1777404.html
Brisbane Convention Centre Hotel Group Pty Ltd,"9 Glenelg St, South Brisbane, QLD, 4101",(07) 32550888,NA,NA,NA,NA,NA,NA,NA,NA,NA,NA,NA,NA,Property Developers,"Professional Services,Property Developers,QLD: Brisbane,South Brisbane",https://www.startlocal.com.au/services/propertydevelop/qld_brisbane/Brisbane_Convention_Centre_Hotel_Group_Pty_Ltd_1779131.html
Go Gecko Chermside,"785 Gympie Rd, Chermside, QLD, 4032",733598410,NA,NA,NA,NA,NA,NA,NA,NA,NA,NA,NA,NA,Real Estate Agents,"Professional Services,Real Estate Agents,QLD: Brisbane,Chermside",https://www.startlocal.com.au/services/estate/qld_brisbane/Go_Gecko_Chermside_2205236.html
Re-Max Premier Consultants,"811 Gympie Rd, Chermside, QLD, 4032",(07) 33591081,NA,NA,NA,NA,NA,NA,NA,NA,NA,NA,NA,NA,"Property Management,Real Estate Agents","Professional Services,Property Management,QLD: Brisbane,Chermside,Professional Services,Real Estate Agents,QLD: Brisbane,Chermside",https://www.startlocal.com.au/services/estate/qld_brisbane/Re-Max_Premier_Consultants_585128.html
Raine & Horne - Bracken Ridge,"250 Telegraph Rd, Bracken Ridge, QLD, 4017",(07) 32617088,http://www.rhbrackenridge.com.au,NA,NA,NA,NA,NA,NA,NA,NA,NA,NA,NA,Real Estate Agents,"Professional Services,Real Estate Agents,QLD: Brisbane,Bracken Ridge",https://www.startlocal.com.au/services/estate/qld_brisbane/Raine_Horne_-_Bracken_Ridge_585004.html
Sanctuary Properties (Aust) Pty Ltd,"5/458 Sandgate Rd, Clayfield, QLD, 4011",738626366,NA,NA,2005,2147483647,NA,NA,NA,NA,NA,NA,NA,NA,"Property Management,Real Estate Agents","Professional Services,Property Management,QLD: Brisbane,Clayfield,Professional Services,Real Estate Agents,QLD: Brisbane,Clayfield",https://www.startlocal.com.au/services/estate/qld_brisbane/Sanctuary_Properties_Aust_Pty_Ltd_2434539.html
Proper T Management Pty Ltd,"520 Sandgate Rd, Clayfield, QLD, 4011",738621687,NA,NA,2009,2147483647,NA,NA,NA,NA,NA,NA,NA,NA,"Property Management,Real Estate Agents","Professional Services,Property Management,QLD: Brisbane,Clayfield,Professional Services,Real Estate Agents,QLD: Brisbane,Clayfield",https://www.startlocal.com.au/services/estate/qld_brisbane/Proper_T_Management_Pty_Ltd_2204257.html
Integral Realty,"Shop A 450 Logan Rd, Greenslopes, QLD, 4120",733949100,NA,NA,NA,NA,NA,NA,NA,NA,NA,NA,NA,NA,Real Estate Agents,"Professional Services,Real Estate Agents,QLD: Brisbane,Greenslopes",https://www.startlocal.com.au/services/estate/qld_brisbane/Integral_Realty_2325087.html
Urban & Rural Pty Ltd,"86 Orchid St, Enoggera, QLD, 4051",(07) 33553788,http://www.northgroup.com.au,NA,NA,NA,NA,NA,NA,NA,NA,NA,NA,NA,"Land Surveyors,Property Management","Home Services,Land Surveyors,QLD: Brisbane,Enoggera,Professional Services,Property Management,QLD: Brisbane,Enoggera",https://www.startlocal.com.au/professional/landsurveyors/qld_brisbane/Urban_Rural_Pty_Ltd_1700864.html
Colonial Real Estate Lutwyche,"Shop 2 497 Lutwyche Rd, Lutwyche, QLD, 4030",733578788,NA,NA,NA,NA,NA,NA,NA,NA,NA,NA,NA,NA,"Property Management,Real Estate Agents","Professional Services,Property Management,QLD: Brisbane,Lutwyche,Professional Services,Real Estate Agents,QLD: Brisbane,Lutwyche",https://www.startlocal.com.au/services/estate/qld_brisbane/Colonial_Real_Estate_Lutwyche_2535650.html
Australian Estate Brokers: Everton Park,"By Appointment, Everton Park, QLD, 4053",(07) 30776570,http://www.estatebrokers.com.au/qld/everton-park,me@michaeldahdouh.com,NA,NA,NA,NA,NA,NA,NA,NA,NA,NA,"Property Management,Real Estate Agents,Real Estate Sales Advisory","Professional Services,Property Management,QLD: Brisbane,Everton Park,Professional Services,Real Estate Agents,QLD: Brisbane,Everton Park,Professional Services,Real Estate Sales Advisory,QLD: Brisbane,Everton Park",https://www.startlocal.com.au/services/estate/qld_brisbane/Australian_Estate_Brokers_Everton_Park_2832668.html
Australian Estate Brokers: Clayfield,"By Appointment, Clayfield, QLD, 4011",(07) 30776570,http://www.estatebrokers.com.au/qld/clayfield,me@michaeldahdouh.com,NA,NA,NA,NA,NA,NA,NA,NA,NA,NA,"Property Management,Real Estate Agents,Real Estate Sales Advisory","Professional Services,Property Management,QLD: Brisbane,Clayfield,Professional Services,Real Estate Agents,QLD: Brisbane,Clayfield,Professional Services,Real Estate Sales Advisory,QLD: Brisbane,Clayfield",https://www.startlocal.com.au/services/estate/qld_brisbane/Australian_Estate_Brokers_Clayfield_2832812.html
Raine & Horne Lutwyche,"Lutwyche City Shopping Centre 543 Lutwyche Rd, Lutwyche, QLD, 4030",738577277,NA,NA,NA,NA,NA,NA,NA,NA,NA,NA,NA,NA,"Property Management,Real Estate Agents","Professional Services,Property Management,QLD: Brisbane,Lutwyche,Professional Services,Real Estate Agents,QLD: Brisbane,Lutwyche",https://www.startlocal.com.au/services/estate/qld_brisbane/Raine_Horne_Lutwyche_2014158.html
Wardell Corporation Pty Ltd,"Unit 5 27 South Pine Rd, Strathpine, QLD, 4500",734909990,http://www.wardell.com.au,NA,NA,NA,NA,NA,NA,NA,NA,NA,NA,NA,"Property Management,Real Estate Agents","Professional Services,Property Management,QLD: Brisbane,Strathpine,Professional Services,Real Estate Agents,QLD: Brisbane,Strathpine",https://www.startlocal.com.au/services/estate/qld_brisbane/Wardell_Corporation_Pty_Ltd_2066446.html
RE/MAX Integrity: Clayfield,"699 Sandgate Rd, Clayfield, QLD, 4011",(07) 32622299,http://www.remaxintegrity.com.au,roslynsportelli@remax.com.au,NA,NA,8:30am - 5:00pm,8:30am - 5:00pm,8:30am - 5:00pm,8:30am - 5:00pm,8:30am - 5:00pm,9:00am - 3:00pm,- Closed -,- Closed -,"Property Management,Real Estate Agents,Real Estate Auctioneers","Professional Services,Property Management,QLD: Brisbane,Clayfield,Professional Services,Real Estate Agents,QLD: Brisbane,Clayfield,Professional Services,Real Estate Auctioneers,QLD: Brisbane,Clayfield",https://www.startlocal.com.au/services/estate/qld_brisbane/RE_MAX_Integrity_Clayfield_1774178.html
Churchill Real Est,"566 Lutwyche Rd, Lutwyche, QLD, 4030",(07) 38573061,NA,NA,NA,NA,NA,NA,NA,NA,NA,NA,NA,NA,"Property Management,Real Estate Agents","Professional Services,Property Management,QLD: Brisbane,Lutwyche,Professional Services,Real Estate Agents,QLD: Brisbane,Lutwyche",https://www.startlocal.com.au/services/estate/qld_brisbane/Churchill_Real_Est_1772171.html
Raine & Horne Qld,"Unit 8 469 Nudgee Rd, Hendra, QLD, 4011",730310333,http://www.rhq.com.au,NA,1883,NA,NA,NA,NA,NA,NA,NA,NA,NA,"Property Management,Real Estate Agents","Professional Services,Property Management,QLD: Brisbane,Hendra,Professional Services,Real Estate Agents,QLD: Brisbane,Hendra",https://www.startlocal.com.au/services/estate/qld_brisbane/Raine_Horne_Qld_2625159.html
Clayfield Unit Centre,"695 Sandgate Rd, Clayfield, QLD, 4011",(07) 32624433,NA,NA,NA,NA,NA,NA,NA,NA,NA,NA,NA,NA,Property Management,"Professional Services,Property Management,QLD: Brisbane,Clayfield",https://www.startlocal.com.au/professional/realestatemanagement/qld_brisbane/Clayfield_Unit_Centre_1772164.html
Professionals- Clayfield,"712 Sandgate Rd, Clayfield, QLD, 4011",(07) 32625455,NA,NA,NA,NA,NA,NA,NA,NA,NA,NA,NA,NA,"Property Management,Real Estate Agents","Professional Services,Property Management,QLD: Brisbane,Clayfield,Professional Services,Real Estate Agents,QLD: Brisbane,Clayfield",https://www.startlocal.com.au/services/estate/qld_brisbane/Professionals-_Clayfield_1772163.html
Strathpine Gardens Management Services,"Cnr Nicol Way & Turner Drv, Brendale, QLD, 4500",(07) 32055852,NA,NA,NA,NA,NA,NA,NA,NA,NA,NA,NA,NA,Property Management,"Professional Services,Property Management,QLD: Brisbane,Brendale",https://www.startlocal.com.au/professional/realestatemanagement/qld_brisbane/Strathpine_Gardens_Management_Services_1772317.html
Colonial Real Est Lutwyche,"574 Lutwyche Rd, Lutwyche, QLD, 4030",(07) 33578788,NA,NA,NA,NA,NA,NA,NA,NA,NA,NA,NA,NA,Property Management,"Professional Services,Property Management,QLD: Brisbane,Lutwyche",https://www.startlocal.com.au/professional/realestatemanagement/qld_brisbane/Colonial_Real_Est_Lutwyche_1772172.html
Alba Ville Estate,"19 The Boulevard, Albany Creek, QLD, 4035",732642088,NA,NA,NA,NA,NA,NA,NA,NA,NA,NA,NA,NA,"Property Management,Real Estate Agents","Professional Services,Property Management,QLD: Brisbane,Albany Creek,Professional Services,Real Estate Agents,QLD: Brisbane,Albany Creek",https://www.startlocal.com.au/services/estate/qld_brisbane/Alba_Ville_Estate_2093031.html
John Strano Real Estate,"Toombul, Brisbane, QLD, 4000",732561153,NA,NA,NA,NA,NA,NA,NA,NA,NA,NA,NA,NA,"Property Management,Real Estate Agents","Professional Services,Property Management,QLD: Brisbane,Brisbane,Professional Services,Real Estate Agents,QLD: Brisbane,Brisbane",https://www.startlocal.com.au/services/estate/qld_brisbane/John_Strano_Real_Estate_2480073.html
Australian Estate Brokers: Lutwyche,"By Appointment, Lutwyche, QLD, 4030",(07) 30776570,http://www.estatebrokers.com.au/qld/lutwyche,me@michaeldahdouh.com,NA,NA,NA,NA,NA,NA,NA,NA,NA,NA,"Property Management,Real Estate Agents,Real Estate Sales Advisory","Professional Services,Property Management,QLD: Brisbane,Lutwyche,Professional Services,Real Estate Agents,QLD: Brisbane,Lutwyche,Professional Services,Real Estate Sales Advisory,QLD: Brisbane,Lutwyche",https://www.startlocal.com.au/services/estate/qld_brisbane/Australian_Estate_Brokers_Lutwyche_2832832.html
Evvien,"117 Flooton St, Mcdowall, QLD, 4053",1800155446,http://www.evvien.com.au,NA,NA,NA,NA,NA,NA,NA,NA,NA,NA,NA,"Property Management,Real Estate Agents","Professional Services,Property Management,QLD: Brisbane,Mcdowall,Professional Services,Real Estate Agents,QLD: Brisbane,Mcdowall",https://www.startlocal.com.au/services/estate/qld_brisbane/Evvien_2684161.html
Parkside Management Pty Ltd,"Office1/ 23 Parkland St, Nundah, QLD, 4012",732669114,NA,NA,NA,NA,NA,NA,NA,NA,NA,NA,NA,NA,"Property Management,Real Estate Agents","Professional Services,Property Management,QLD: Brisbane,Nundah,Professional Services,Real Estate Agents,QLD: Brisbane,Nundah",https://www.startlocal.com.au/services/estate/qld_brisbane/Parkside_Management_Pty_Ltd_2355027.html
Australian Estate Brokers: Gordon St,"By Appointment, Brighton, QLD, 4017",(07) 30776570,http://www.estatebrokers.com.au/qld/brighton,me@michaeldahdouh.com,NA,NA,NA,NA,NA,NA,NA,NA,NA,NA,"Property Management,Real Estate Agents,Real Estate Sales Advisory","Professional Services,Property Management,QLD: Brisbane,Brighton,Professional Services,Real Estate Agents,QLD: Brisbane,Brighton,Professional Services,Real Estate Sales Advisory,QLD: Brisbane,Brighton",https://www.startlocal.com.au/services/estate/qld_brisbane/Australian_Estate_Brokers_Gordon_St_2832672.html
Discount Property Management,"Po Box 1478, Toombul, QLD, 4012",(07) 32561153,NA,NA,NA,NA,NA,NA,NA,NA,NA,NA,NA,NA,Property Management,"Professional Services,Property Management,QLD: Brisbane,Toombul",https://www.startlocal.com.au/professional/realestatemanagement/qld_brisbane/Discount_Property_Management_1772165.html
Australian Estate Brokers: Nundah,"By Appointment, Nundah, QLD, 4012",(07) 30776570,http://www.estatebrokers.com.au/qld/nundah,me@michaeldahdouh.com,NA,NA,NA,NA,NA,NA,NA,NA,NA,NA,"Property Management,Real Estate Agents,Real Estate Sales Advisory","Professional Services,Property Management,QLD: Brisbane,Nundah,Professional Services,Real Estate Agents,QLD: Brisbane,Nundah,Professional Services,Real Estate Sales Advisory,QLD: Brisbane,Nundah",https://www.startlocal.com.au/services/estate/qld_brisbane/Australian_Estate_Brokers_Nundah_2832816.html
Total Property Services,"Unit 3, 28 Keona Rd, Mcdowall, QLD, 4053",(07) 31617554,http://www.totalpropertyservices.net.au,mel@mywork.com.au,NA,NA,NA,NA,NA,NA,NA,NA,NA,NA,"Property Consultants,Property Management","Professional Services,Property Consultants,QLD: Brisbane,Mcdowall,Professional Services,Property Management,QLD: Brisbane,Mcdowall",https://www.startlocal.com.au/professional/propertyconsultants/qld_brisbane/Total_Property_Services_2833912.html
Covecrest Group Pty Ltd,"Po Box 260, Nundah, QLD, 4012",732605000,http://www.covecrestgroup.com.au,NA,2006,2147483647,NA,NA,NA,NA,NA,NA,NA,NA,"Property Management,Real Estate Agents","Professional Services,Property Management,QLD: Brisbane,Nundah,Professional Services,Real Estate Agents,QLD: Brisbane,Nundah",https://www.startlocal.com.au/services/estate/qld_brisbane/Covecrest_Group_Pty_Ltd_2417319.html
Run Property,"1221 Sandgate Rd, Nundah, QLD, 4012",738336650,http://www.run.com.au,NA,NA,NA,NA,NA,NA,NA,NA,NA,NA,NA,"Property Management,Real Estate Agents","Professional Services,Property Management,QLD: Brisbane,Nundah,Professional Services,Real Estate Agents,QLD: Brisbane,Nundah",https://www.startlocal.com.au/services/estate/qld_brisbane/Run_Property_2171662.html
The Professionals Sandgate,"Cnr Fourth Ave & Brighton Rd, Sandgate, QLD, 4017",(07) 38699999,http://www.professionalssandgate.com,NA,NA,NA,NA,NA,NA,NA,NA,NA,NA,NA,"Property Management,Real Estate Agents","Professional Services,Property Management,QLD: Brisbane,Sandgate,Professional Services,Real Estate Agents,QLD: Brisbane,Sandgate",https://www.startlocal.com.au/services/estate/qld_brisbane/The_Professionals_Sandgate_1060412.html
Australian Estate Brokers: Kedron,"By Appointment, Kedron, QLD, 4031",(07) 30776570,http://www.estatebrokers.com.au/qld/kedron,me@michaeldahdouh.com,NA,NA,NA,NA,NA,NA,NA,NA,NA,NA,"Property Management,Real Estate Agents,Real Estate Sales Advisory","Professional Services,Property Management,QLD: Brisbane,Kedron,Professional Services,Real Estate Agents,QLD: Brisbane,Kedron,Professional Services,Real Estate Sales Advisory,QLD: Brisbane,Kedron",https://www.startlocal.com.au/services/estate/qld_brisbane/Australian_Estate_Brokers_Kedron_2832836.html
Australian Estate Brokers: Banyo,"By Appointment, Banyo, QLD, 4014",(07) 30776570,http://www.estatebrokers.com.au/qld/banyo,me@michaeldahdouh.com,NA,NA,NA,NA,NA,NA,NA,NA,NA,NA,"Property Management,Real Estate Agents,Real Estate Sales Advisory","Professional Services,Property Management,QLD: Brisbane,Banyo,Professional Services,Real Estate Agents,QLD: Brisbane,Banyo,Professional Services,Real Estate Sales Advisory,QLD: Brisbane,Banyo",https://www.startlocal.com.au/services/estate/qld_brisbane/Australian_Estate_Brokers_Banyo_2832818.html
Designing Developments,"21 Michael Pl, Bracken Ridge, QLD, 4017",412642180,NA,NA,NA,NA,NA,NA,NA,NA,NA,NA,NA,NA,"Property Management,Real Estate Agents","Professional Services,Property Management,QLD: Brisbane,Bracken Ridge,Professional Services,Real Estate Agents,QLD: Brisbane,Bracken Ridge",https://www.startlocal.com.au/services/estate/qld_brisbane/Designing_Developments_2703009.html
Queensland Property Management,"Shop 2 521 Beams Rd, Carseldine, QLD, 4034",(07) 38627333,NA,NA,NA,NA,NA,NA,NA,NA,NA,NA,NA,NA,Property Management,"Professional Services,Property Management,QLD: Brisbane,Carseldine",https://www.startlocal.com.au/professional/realestatemanagement/qld_brisbane/Queensland_Property_Management_1060424.html
Orchidcrest Pty Ltd,"717 - 735 Trouts Rd, Aspley, QLD, 4034",(07) 32638118,NA,NA,NA,NA,NA,NA,NA,NA,NA,NA,NA,NA,Property Management,"Professional Services,Property Management,QLD: Brisbane,Aspley",https://www.startlocal.com.au/professional/realestatemanagement/qld_brisbane/Orchidcrest_Pty_Ltd_1772175.html
Australian Estate Brokers: Bracken Ridge,"By Appointment, Bracken Ridge, QLD, 4017",(07) 30776570,http://www.estatebrokers.com.au/qld/bracken-ridge,me@michaeldahdouh.com,NA,NA,NA,NA,NA,NA,NA,NA,NA,NA,"Property Management,Real Estate Agents,Real Estate Sales Advisory","Professional Services,Property Management,QLD: Brisbane,Bracken Ridge,Professional Services,Real Estate Agents,QLD: Brisbane,Bracken Ridge,Professional Services,Real Estate Sales Advisory,QLD: Brisbane,Bracken Ridge",https://www.startlocal.com.au/services/estate/qld_brisbane/Australian_Estate_Brokers_Bracken_Ridge_2832820.html
Australian Estate Brokers: Chermside,"By Appointment, Chermside, QLD, 4032",(07) 30776570,http://www.estatebrokers.com.au/qld/chermside,me@michaeldahdouh.com,NA,NA,NA,NA,NA,NA,NA,NA,NA,NA,"Property Management,Real Estate Agents,Real Estate Sales Advisory","Professional Services,Property Management,QLD: Brisbane,Chermside,Professional Services,Real Estate Agents,QLD: Brisbane,Chermside,Professional Services,Real Estate Sales Advisory,QLD: Brisbane,Chermside",https://www.startlocal.com.au/services/estate/qld_brisbane/Australian_Estate_Brokers_Chermside_2832838.html
Morpheus Property,"10 Kirby Rd, Aspley, QLD, 4034",1300 911 576,http://www.morpheusproperty.com.au,martyn@morpheusproperty.com.au,2006,NA,NA,NA,NA,NA,NA,NA,NA,NA,"Property Management,Real Estate Buyers Agents","Professional Services,Property Management,QLD: Brisbane,Aspley,Professional Services,Real Estate Buyers Agents,QLD: Brisbane,Aspley",https://www.startlocal.com.au/professional/realestatemanagement/qld_brisbane/Morpheus_Property_1907997.html
Brisbane Realty,"530 Logan Rd, Greenslopes, QLD, 4120",(07) 33975661,http://www.brisbanerealty.com.au,NA,NA,NA,NA,NA,NA,NA,NA,NA,NA,NA,Real Estate Agents,"Professional Services,Real Estate Agents,QLD: Brisbane,Greenslopes",https://www.startlocal.com.au/services/estate/qld_brisbane/Brisbane_Realty_585458.html
Sw Thompson Building,"48 Basalt St, Geebung, QLD, 4034",(07) 38658200,NA,NA,NA,NA,NA,NA,NA,NA,NA,NA,NA,NA,Property Management,"Professional Services,Property Management,QLD: Brisbane,Geebung",https://www.startlocal.com.au/professional/realestatemanagement/qld_brisbane/Sw_Thompson_Building_1772173.html
Whitney Realty,"Po Box 69, Greenslopes, QLD, 4120",(07) 33979066,NA,NA,NA,NA,NA,NA,NA,NA,NA,NA,NA,NA,"Property Management,Real Estate Agents","Professional Services,Property Management,QLD: Brisbane,Greenslopes,Professional Services,Real Estate Agents,QLD: Brisbane,Greenslopes",https://www.startlocal.com.au/services/estate/qld_brisbane/Whitney_Realty_1772217.html
Dauphin @ Highgate,"By Appointment, Highgate Hill, QLD, 4101",0410 630 685,http://www.dauphinathighgate.com.au,sarah@projectpropertysales.com.au,NA,NA,NA,NA,NA,NA,NA,NA,NA,NA,Real Estate Agents,"Professional Services,Real Estate Agents,QLD: Brisbane,Highgate Hill",https://www.startlocal.com.au/services/estate/qld_brisbane/Dauphin_Highgate_2804842.html
Property Marketing Corporation,"Buranda Commercial Centre 250 Ipswich Road, Buranda, QLD, 4102",738911322,http://www.propertymarketing.com.au,NA,NA,NA,NA,NA,NA,NA,NA,NA,NA,NA,"Building Consultants & Management,Property Management,Real Estate Agents","Professional Services,Building Consultants & Management,QLD: Brisbane,Buranda,Professional Services,Property Management,QLD: Brisbane,Buranda,Professional Services,Real Estate Agents,QLD: Brisbane,Buranda",https://www.startlocal.com.au/services/estate/qld_brisbane/Property_Marketing_Corporation_2211885.html
King & Co Property Consultants,"99 Annerley Rd, Woolloongabba, QLD, 4102",(07) 38443222,http://www.kingco.com.au,NA,NA,NA,NA,NA,NA,NA,NA,NA,NA,NA,"Property Consultants,Real Estate Agents","Professional Services,Property Consultants,QLD: Brisbane,Woolloongabba,Professional Services,Real Estate Agents,QLD: Brisbane,Woolloongabba",https://www.startlocal.com.au/services/estate/qld_brisbane/King_Co_Property_Consultants_1055038.html
Elite Real Est,"Shop 5 191-195 Sir Fred Schonell Dr, St Lucia, QLD, 4067",(07) 37195000,NA,NA,NA,NA,NA,NA,NA,NA,NA,NA,NA,NA,Real Estate Agents,"Professional Services,Real Estate Agents,QLD: Brisbane,St Lucia",https://www.startlocal.com.au/services/estate/qld_brisbane/Elite_Real_Est_1773864.html
Eagle Real Est,"44 Esher St, Tarragindi, QLD, 4121",0408 786740,NA,NA,NA,NA,NA,NA,NA,NA,NA,NA,NA,NA,Real Estate Agents,"Professional Services,Real Estate Agents,QLD: Brisbane,Tarragindi",https://www.startlocal.com.au/services/estate/qld_brisbane/Eagle_Real_Est_1773723.html
Ray White: St Lucia,"Shop 7, 28 Hawken Dr, St Lucia, QLD, 4067",(07) 33278888,http://www.raywhite.com,NA,NA,NA,NA,NA,NA,NA,NA,NA,NA,NA,Real Estate Agents,"Professional Services,Real Estate Agents,QLD: Brisbane,St Lucia",https://www.startlocal.com.au/services/estate/qld_brisbane/Ray_White_St_Lucia_585231.html
Petrac,"1/417 Logan Rd, Greenslopes, QLD, 4120",731008800,NA,NA,NA,NA,NA,NA,NA,NA,NA,NA,NA,NA,"Property Management,Real Estate Agents","Professional Services,Property Management,QLD: Brisbane,Greenslopes,Professional Services,Real Estate Agents,QLD: Brisbane,Greenslopes",https://www.startlocal.com.au/services/estate/qld_brisbane/Petrac_2348038.html
Jeff Jones Real Estate,"60 Old Cleveland Rd, Greenslopes, QLD, 4120",733975166,http://www.jeffjones.com.au,NA,NA,NA,NA,NA,NA,NA,NA,NA,NA,NA,"Property Management,Real Estate Agents,Strata Title Management","Professional Services,Property Management,QLD: Brisbane,Greenslopes,Professional Services,Real Estate Agents,QLD: Brisbane,Greenslopes,Professional Services,Strata Title Management,QLD: Brisbane,Greenslopes",https://www.startlocal.com.au/services/estate/qld_brisbane/Jeff_Jones_Real_Estate_1977857.html
Australian Estate Brokers: Tarragindi,"By Appointment, Tarragindi, QLD, 4121",(07) 30776570,http://www.estatebrokers.com.au/qld/tarragindi,me@michaeldahdouh.com,NA,NA,NA,NA,NA,NA,NA,NA,NA,NA,"Property Management,Real Estate Agents,Real Estate Sales Advisory","Professional Services,Property Management,QLD: Brisbane,Tarragindi,Professional Services,Real Estate Agents,QLD: Brisbane,Tarragindi,Professional Services,Real Estate Sales Advisory,QLD: Brisbane,Tarragindi",https://www.startlocal.com.au/services/estate/qld_brisbane/Australian_Estate_Brokers_Tarragindi_2832682.html
Trendall Real Est,"220 Cracknell Rd, Tarragindi, QLD, 4121",(07) 38480202,NA,NA,NA,NA,NA,NA,NA,NA,NA,NA,NA,NA,Real Estate Agents,"Professional Services,Real Estate Agents,QLD: Brisbane,Tarragindi",https://www.startlocal.com.au/services/estate/qld_brisbane/Trendall_Real_Est_1776721.html
Australian Estate Brokers: Annerley,"By Appointment, Annerley, QLD, 4103",(07) 30776570,http://www.estatebrokers.com.au/qld/annerley,me@michaeldahdouh.com,NA,NA,NA,NA,NA,NA,NA,NA,NA,NA,"Property Management,Real Estate Agents,Real Estate Sales Advisory","Professional Services,Property Management,QLD: Brisbane,Annerley,Professional Services,Real Estate Agents,QLD: Brisbane,Annerley,Professional Services,Real Estate Sales Advisory,QLD: Brisbane,Annerley",https://www.startlocal.com.au/services/estate/qld_brisbane/Australian_Estate_Brokers_Annerley_2832686.html
E.L. Property Management,"Suite 3 360 Epswich Rd, Annerley, QLD, 4103",733910306,NA,NA,NA,NA,NA,NA,NA,NA,NA,NA,NA,NA,Real Estate Agents,"Professional Services,Real Estate Agents,QLD: Brisbane,Annerley",https://www.startlocal.com.au/services/estate/qld_brisbane/E.L._Property_Management_2222263.html
About Property,"75 Mitre St, St Lucia, QLD, 4067",0412 417086,NA,NA,NA,NA,NA,NA,NA,NA,NA,NA,NA,NA,"Property Consultants,Real Estate Agents","Professional Services,Property Consultants,QLD: Brisbane,St Lucia,Professional Services,Real Estate Agents,QLD: Brisbane,St Lucia",https://www.startlocal.com.au/services/estate/qld_brisbane/About_Property_1764535.html
Brenda Holland Realty,"206 Cracknell Rd, Tarragindi, QLD, 4121",(07) 33926577,NA,NA,NA,NA,NA,NA,NA,NA,NA,NA,NA,NA,"Property Management,Real Estate Agents","Professional Services,Property Management,QLD: Brisbane,Tarragindi,Professional Services,Real Estate Agents,QLD: Brisbane,Tarragindi",https://www.startlocal.com.au/services/estate/qld_brisbane/Brenda_Holland_Realty_1060486.html
Rene Ansen Real Est,"Suite 3 360 Ipswich Rd, Annerley, QLD, 4103",(07) 33912682,http://www.reneansenrealestate.com.au,NA,NA,NA,NA,NA,NA,NA,NA,NA,NA,NA,"Property Management,Real Estate Agents","Professional Services,Property Management,QLD: Brisbane,Annerley,Professional Services,Real Estate Agents,QLD: Brisbane,Annerley",https://www.startlocal.com.au/services/estate/qld_brisbane/Rene_Ansen_Real_Est_1772205.html
Hancock R L Pty Ltd,"25/217 Hawken Dr, St Lucia, QLD, 4067",(07) 38710405,NA,NA,NA,NA,NA,NA,NA,NA,NA,NA,NA,NA,Real Estate Agents,"Professional Services,Real Estate Agents,QLD: Brisbane,St Lucia",https://www.startlocal.com.au/services/estate/qld_brisbane/Hancock_R_L_Pty_Ltd_1774195.html
Ray White: Moorooka,"131 Beaudesert Rd, Palm Plaza, Moorooka, QLD, 4105",(07) 38921444,http://www.raywhite.com,NA,NA,NA,NA,NA,NA,NA,NA,NA,NA,NA,Real Estate Agents,"Professional Services,Real Estate Agents,QLD: Brisbane,Moorooka",https://www.startlocal.com.au/services/estate/qld_brisbane/Ray_White_Moorooka_585194.html
Callaghan & Co First National,"130 Beaudesert Rd, Moorooka, QLD, 4105",(07) 38489022,NA,NA,NA,NA,NA,NA,NA,NA,NA,NA,NA,NA,Real Estate Agents,"Professional Services,Real Estate Agents,QLD: Brisbane,Moorooka",https://www.startlocal.com.au/services/estate/qld_brisbane/Callaghan_Co_First_National_585191.html
Daynes Residential Real Est,"16 Mayfield Rd, Moorooka, QLD, 4105",(07) 38924844,http://www.daynesresidential.com.au,NA,NA,NA,NA,NA,NA,NA,NA,NA,NA,NA,Real Estate Agents,"Professional Services,Real Estate Agents,QLD: Brisbane,Moorooka",https://www.startlocal.com.au/services/estate/qld_brisbane/Daynes_Residential_Real_Est_1773596.html
Australian Estate Brokers: Moorooka,"By Appointment, Moorooka, QLD, 4105",(07) 30776570,http://www.estatebrokers.com.au/qld/moorooka,me@michaeldahdouh.com,NA,NA,NA,NA,NA,NA,NA,NA,NA,NA,"Property Management,Real Estate Agents,Real Estate Sales Advisory","Professional Services,Property Management,QLD: Brisbane,Moorooka,Professional Services,Real Estate Agents,QLD: Brisbane,Moorooka,Professional Services,Real Estate Sales Advisory,QLD: Brisbane,Moorooka",https://www.startlocal.com.au/services/estate/qld_brisbane/Australian_Estate_Brokers_Moorooka_2832950.html
Julie Hardeman Real Est,"488 Ipswich Rd, Annerley, QLD, 4103",(07) 38480058,NA,NA,NA,NA,NA,NA,NA,NA,NA,NA,NA,NA,Real Estate Agents,"Professional Services,Real Estate Agents,QLD: Brisbane,Annerley",https://www.startlocal.com.au/services/estate/qld_brisbane/Julie_Hardeman_Real_Est_1774516.html
Australian Estate Brokers: St Lucia,"By Appointment, St Lucia, QLD, 4067",(07) 30776570,http://www.estatebrokers.com.au/St-Lucia,me@michaeldahdouh.com,NA,NA,NA,NA,NA,NA,NA,NA,NA,NA,"Property Management,Real Estate Agents,Real Estate Sales Advisory","Professional Services,Property Management,QLD: Brisbane,St Lucia,Professional Services,Real Estate Agents,QLD: Brisbane,St Lucia,Professional Services,Real Estate Sales Advisory,QLD: Brisbane,St Lucia",https://www.startlocal.com.au/services/estate/qld_brisbane/Australian_Estate_Brokers_St_Lucia_2832916.html
Re/Max Colonial,"445 Ipswich Rd, Annerley, QLD, 4103",(07) 33730000,NA,NA,NA,NA,9:00am - 5:00pm,9:00am - 5:00pm,9:00am - 5:00pm,9:00am - 5:00pm,9:00am - 5:00pm,9:00am - 1:00pm,---,---,Real Estate Agents,"Professional Services,Real Estate Agents,QLD: Brisbane,Annerley",https://www.startlocal.com.au/services/estate/qld_brisbane/Re_Max_Colonial_1776106.html
Re/Max Colonial-The Nick Bekker Team,"445 Ipswich Rd, Annerley, QLD, 4103",733730013,http://www.nickbekker.com.au,NA,NA,NA,NA,NA,NA,NA,NA,NA,NA,NA,Real Estate Agents,"Professional Services,Real Estate Agents,QLD: Brisbane,Annerley",https://www.startlocal.com.au/services/estate/qld_brisbane/Re_Max_Colonial-The_Nick_Bekker_Team_2221967.html
Lever Valuers Pty Ltd,"Unit 2 453 Ipswich Rd, Annerley, QLD, 4103",738925188,http://www.levervaluers.com,NA,NA,NA,NA,NA,NA,NA,NA,NA,NA,NA,"Real Estate Agents,Real Estate Valuers","Professional Services,Real Estate Agents,QLD: Brisbane,Annerley,Professional Services,Real Estate Valuers,QLD: Brisbane,Annerley",https://www.startlocal.com.au/services/estate/qld_brisbane/Lever_Valuers_Pty_Ltd_2592490.html
Prd Nationwide,"441 Ipswich Rd, Annerley, QLD, 4103",(07) 38487369,http://www.ljhooker.com.au/annerley,NA,NA,NA,NA,NA,NA,NA,NA,NA,NA,NA,Real Estate Agents,"Professional Services,Real Estate Agents,QLD: Brisbane,Annerley",https://www.startlocal.com.au/services/estate/qld_brisbane/Prd_Nationwide_585308.html
Comino Realty,"520 Ipswich Rd, Annerley, QLD, 4103",(07) 38480088,NA,NA,NA,NA,NA,NA,NA,NA,NA,NA,NA,NA,Real Estate Agents,"Professional Services,Real Estate Agents,QLD: Brisbane,Annerley",https://www.startlocal.com.au/services/estate/qld_brisbane/Comino_Realty_585342.html
Leeson Valuers,"Po Box 505, Annerley, QLD, 4103",738488022,NA,NA,NA,NA,NA,NA,NA,NA,NA,NA,NA,NA,"Real Estate Agents,Real Estate Valuers,Valuers - General","Professional Services,Real Estate Agents,QLD: Brisbane,Annerley,Professional Services,Real Estate Valuers,QLD: Brisbane,Annerley,Professional Services,Valuers - General,QLD: Brisbane,Annerley",https://www.startlocal.com.au/services/estate/qld_brisbane/Leeson_Valuers_2675542.html
Young R N,"101 Delville Ave, Moorooka, QLD, 4105",(07) 38486881,NA,NA,NA,NA,NA,NA,NA,NA,NA,NA,NA,NA,Real Estate Agents,"Professional Services,Real Estate Agents,QLD: Brisbane,Moorooka",https://www.startlocal.com.au/services/estate/qld_brisbane/Young_R_N_585209.html
Ray White: Annerley,"Unit 2, 461 Ipswich Rd, Annerley, QLD, 4103",(07) 34268444,http://www.raywhite.com,NA,NA,NA,NA,NA,NA,NA,NA,NA,NA,NA,Real Estate Agents,"Professional Services,Real Estate Agents,QLD: Brisbane,Annerley",https://www.startlocal.com.au/services/estate/qld_brisbane/Ray_White_Annerley_585309.html
Uptown Real Estate,"526 Ipswich Rd, Annerley, QLD, 4103",(07) 38484720,NA,NA,NA,NA,NA,NA,NA,NA,NA,NA,NA,NA,Real Estate Agents,"Professional Services,Real Estate Agents,QLD: Brisbane,Annerley",https://www.startlocal.com.au/services/estate/qld_brisbane/Uptown_Real_Estate_585341.html
Barb Johnston Property,"Po Box 6197, Fairfield Gardens, QLD, 4103",(07) 33931199,http://www.barbjohnston.com.au,NA,NA,NA,NA,NA,NA,NA,NA,NA,NA,NA,Real Estate Agents,"Professional Services,Real Estate Agents,QLD: Brisbane,Fairfield Gardens",https://www.startlocal.com.au/services/estate/qld_brisbane/Barb_Johnston_Property_1777853.html
Elders Real Estate,"Gpo Box 186, Brisbane, QLD, 4001",(07) 38405555,http://www.eldersre.com.au,NA,NA,NA,NA,NA,NA,NA,NA,NA,NA,NA,"Property Consultants,Real Estate Agents","Professional Services,Property Consultants,QLD: Brisbane,Brisbane,Professional Services,Real Estate Agents,QLD: Brisbane,Brisbane",https://www.startlocal.com.au/services/estate/qld_brisbane/Elders_Real_Estate_1054993.html
Matthews Trevor,"678 Ipswich Rd, Annerley, QLD, 4103",738480655,http://www.matthewsrealestate.com.au,NA,NA,NA,NA,NA,NA,NA,NA,NA,NA,NA,"Property Management,Real Estate Agents","Professional Services,Property Management,QLD: Brisbane,Annerley,Professional Services,Real Estate Agents,QLD: Brisbane,Annerley",https://www.startlocal.com.au/services/estate/qld_brisbane/Matthews_Trevor_1990264.html
Professionals Annerley,"Unit 3 461 Ipswich Rd, Annerley, QLD, 4103",(07) 38921555,NA,NA,NA,NA,NA,NA,NA,NA,NA,NA,NA,NA,Real Estate Agents,"Professional Services,Real Estate Agents,QLD: Brisbane,Annerley",https://www.startlocal.com.au/services/estate/qld_brisbane/Professionals_Annerley_585338.html
Hooker L J,"652 Ipswich Rd, Annerley, QLD, 4103",(07) 38488399,NA,NA,NA,NA,NA,NA,NA,NA,NA,NA,NA,NA,Real Estate Agents,"Professional Services,Real Estate Agents,QLD: Brisbane,Annerley",https://www.startlocal.com.au/services/estate/qld_brisbane/Hooker_L_J_585334.html
Matthews R,"678 Ipswich Rd, Annerley, QLD, 4103",(07) 38480655,http://www.matthewsrealestate.com.au,NA,NA,NA,NA,NA,NA,NA,NA,NA,NA,NA,Real Estate Agents,"Professional Services,Real Estate Agents,QLD: Brisbane,Annerley",https://www.startlocal.com.au/services/estate/qld_brisbane/Matthews_R_1775046.html
Mike McHutchison,"14 Orvieto Rd, Yeronga, QLD, 4104",(07) 38305376,http://www.realestatebris.com.au,NA,NA,NA,NA,NA,NA,NA,NA,NA,NA,NA,Real Estate Agents,"Professional Services,Real Estate Agents,QLD: Brisbane,Yeronga",https://www.startlocal.com.au/services/estate/qld_brisbane/Mike_McHutchison_1775148.html
Aston Commercial,"Unit 3 96 Wilkie St, Yeerongpilly, QLD, 4105",(07) 33927999,NA,NA,NA,NA,NA,NA,NA,NA,NA,NA,NA,NA,Real Estate Agents,"Professional Services,Real Estate Agents,QLD: Brisbane,Yeerongpilly",https://www.startlocal.com.au/services/estate/qld_brisbane/Aston_Commercial_585208.html
Kencal Projects Pty Ltd,"Po Box 3120, Yeronga, QLD, 4104",439714027,http://www.kencal.com.au,NA,NA,NA,NA,NA,NA,NA,NA,NA,NA,NA,"Property Management,Real Estate Agents","Professional Services,Property Management,QLD: Brisbane,Yeronga,Professional Services,Real Estate Agents,QLD: Brisbane,Yeronga",https://www.startlocal.com.au/services/estate/qld_brisbane/Kencal_Projects_Pty_Ltd_2143934.html
John Sanderson & Assoc,"Po Box 3041, Yeronga, QLD, 4104",738486440,NA,NA,NA,NA,NA,NA,NA,NA,NA,NA,NA,NA,"Real Estate Agents,Real Estate Valuers,Valuers - General","Professional Services,Real Estate Agents,QLD: Brisbane,Yeronga,Professional Services,Real Estate Valuers,QLD: Brisbane,Yeronga,Professional Services,Valuers - General,QLD: Brisbane,Yeronga",https://www.startlocal.com.au/services/estate/qld_brisbane/John_Sanderson_Assoc_2542352.html
L J Hooker,"Shop 1 180 Fairfield Rd, Fairfield, QLD, 4103",(07) 38446633,NA,NA,NA,NA,NA,NA,NA,NA,NA,NA,NA,NA,Real Estate Agents,"Professional Services,Real Estate Agents,QLD: Brisbane,Fairfield",https://www.startlocal.com.au/services/estate/qld_brisbane/L_J_Hooker_1774691.html
Local Real Est Fairfield,"Shop 1 180 Fairfield Rd, Fairfield, QLD, 4103",(07) 38446633,NA,NA,NA,NA,NA,NA,NA,NA,NA,NA,NA,NA,"Property Management,Real Estate Agents","Professional Services,Property Management,QLD: Brisbane,Fairfield,Professional Services,Real Estate Agents,QLD: Brisbane,Fairfield",https://www.startlocal.com.au/services/estate/qld_brisbane/Local_Real_Est_Fairfield_1772207.html
L J Hooker,"813 Gympie Rd, Chermside, QLD, 4032",(07) 33501900,NA,NA,NA,NA,NA,NA,NA,NA,NA,NA,NA,NA,Real Estate Agents,"Professional Services,Real Estate Agents,QLD: Brisbane,Chermside",https://www.startlocal.com.au/services/estate/qld_brisbane/L_J_Hooker_585060.html
Rent Rhino,"243 Hamilton Rd, Chermside, QLD, 4032",1300 996 190,http://www.rentrhino.com.au/,brijesh@reloadconsulting.com,2005,NA,9:00am - 5:00pm,9:00am - 5:00pm,9:00am - 5:00pm,9:00am - 5:00pm,9:00am - 5:00pm,---,---,---,"Property Management,Real Estate Agents,Real Estate Listing Services","Professional Services,Property Management,QLD: Brisbane,Chermside,Professional Services,Real Estate Agents,QLD: Brisbane,Chermside,Professional Services,Real Estate Listing Services,QLD: Brisbane,Chermside",https://www.startlocal.com.au/services/estate/qld_brisbane/Rent_Rhino_1888643.html
Jensen Property,"Unit 1, 419 Fairfield Rd, Yeronga, QLD, 4104",(07) 34269888,http://www.abpatlas.com.au,jensenpropertyz@gmail.com,NA,NA,8:30am - 5:30pm,8:30am - 5:30pm,8:30am - 5:30pm,8:30am - 5:30pm,8:30am - 5:30pm,8:30am - 5:30pm,- Closed -,---,Real Estate Agents,"Professional Services,Real Estate Agents,QLD: Brisbane,Yeronga",https://www.startlocal.com.au/services/estate/qld_brisbane/Jensen_Property_2898884.html
Raine & Horne: Chermside,"818 Gympie Rd, Chermside, QLD, 4032",(07) 33508400,http://www.raineandhorne.com.au,NA,NA,NA,NA,NA,NA,NA,NA,NA,NA,NA,Real Estate Agents,"Professional Services,Real Estate Agents,QLD: Brisbane,Chermside",https://www.startlocal.com.au/services/estate/qld_brisbane/Raine_Horne_Chermside_2556715.html
Developthis,"824 Gympie Rd, Chermside, QLD, 4032",732563511,http://www.developthis.com.au,NA,NA,NA,NA,NA,NA,NA,NA,NA,NA,NA,"Property Management,Real Estate Agents","Professional Services,Property Management,QLD: Brisbane,Chermside,Professional Services,Real Estate Agents,QLD: Brisbane,Chermside",https://www.startlocal.com.au/services/estate/qld_brisbane/Developthis_2325935.html
Ray White: Bracken Ridge,"Shop 9, Cnr Telegraph & Norris Rds, Bracken Ridge Plaza, Bracken Ridge, QLD, 4017",(07) 32615122,http://www.raywhite.com,NA,NA,NA,8:30am - 5:00pm,8:30am - 5:00pm,8:30am - 5:00pm,8:30am - 5:00pm,8:30am - 5:00pm,8:30am - 4:00pm,---,---,Real Estate Agents,"Professional Services,Real Estate Agents,QLD: Brisbane,Bracken Ridge",https://www.startlocal.com.au/services/estate/qld_brisbane/Ray_White_Bracken_Ridge_585006.html
Tandem 54 Pty Ltd,"PO Box 518, Chermside, QLD, 4032",(07) 38619853,http://www.tandem54.com.au,udai@mediaheroes.com.au,NA,45108793951,NA,NA,NA,NA,NA,NA,NA,NA,Real Estate Agents,"Professional Services,Real Estate Agents,QLD: Brisbane,Chermside",https://www.startlocal.com.au/services/estate/qld_brisbane/Tandem_54_Pty_Ltd_1776643.html
R & M Property Advisory,"Po Box 546, Chermside South, QLD, 4032",732635764,NA,NA,NA,NA,NA,NA,NA,NA,NA,NA,NA,NA,"Real Estate Agents,Real Estate Valuers","Professional Services,Real Estate Agents,QLD: Brisbane,Chermside South,Professional Services,Real Estate Valuers,QLD: Brisbane,Chermside South",https://www.startlocal.com.au/services/estate/qld_brisbane/R_M_Property_Advisory_2233948.html
Harcourts: Chermside,"Shop 1, 725 Gympie Rd, Chermside, QLD, 4032",(07) 33503433,http://www.harcourts.com.au,NA,NA,NA,NA,NA,NA,NA,NA,NA,NA,NA,Real Estate Agents,"Professional Services,Real Estate Agents,QLD: Brisbane,Chermside",https://www.startlocal.com.au/services/estate/qld_brisbane/Harcourts_Chermside_2572744.html
All Metro Homes Pty Ltd,"Po Box 129, Chermside South, QLD, 4032",733501376,NA,NA,2000,2147483647,NA,NA,NA,NA,NA,NA,NA,NA,Real Estate Agents,"Professional Services,Real Estate Agents,QLD: Brisbane,Chermside South",https://www.startlocal.com.au/services/estate/qld_brisbane/All_Metro_Homes_Pty_Ltd_2593016.html
Quinlans,"38 Elsanne St, Aspley, QLD, 4034",732636247,NA,NA,NA,NA,NA,NA,NA,NA,NA,NA,NA,NA,"Real Estate Agents,Real Estate Valuers","Professional Services,Real Estate Agents,QLD: Brisbane,Aspley,Professional Services,Real Estate Valuers,QLD: Brisbane,Aspley",https://www.startlocal.com.au/services/estate/qld_brisbane/Quinlans_2533696.html
Lillian Kemp,"37 Gilmour St, Chermside West, QLD, 4032",(07) 32563986,NA,NA,NA,NA,NA,NA,NA,NA,NA,NA,NA,NA,Real Estate Agents,"Professional Services,Real Estate Agents,QLD: Brisbane,Chermside West",https://www.startlocal.com.au/services/estate/qld_brisbane/Lillian_Kemp_585061.html
Omega Real Est,"6 Claret St, Carseldine, QLD, 4034",(07) 38627422,NA,NA,NA,NA,NA,NA,NA,NA,NA,NA,NA,NA,Real Estate Agents,"Professional Services,Real Estate Agents,QLD: Brisbane,Carseldine",https://www.startlocal.com.au/services/estate/qld_brisbane/Omega_Real_Est_1775354.html
Enbrook Heights Est,"Cnr Mustang St & Telegraph Rd, Bracken Ridge, QLD, 4017",(07) 32614422,NA,NA,NA,NA,NA,NA,NA,NA,NA,NA,NA,NA,Real Estate Agents,"Professional Services,Real Estate Agents,QLD: Brisbane,Bracken Ridge",https://www.startlocal.com.au/services/estate/qld_brisbane/Enbrook_Heights_Est_1773874.html
Progression Property,"30 Boondall St, Boondall, QLD, 4034",738653133,NA,NA,NA,NA,NA,NA,NA,NA,NA,NA,NA,NA,Real Estate Agents,"Professional Services,Real Estate Agents,QLD: Brisbane,Boondall",https://www.startlocal.com.au/services/estate/qld_brisbane/Progression_Property_2463903.html
Buy Trade Sell,"4 Chablis Pl, Carseldine, QLD, 4034",1300766804,NA,NA,NA,NA,NA,NA,NA,NA,NA,NA,NA,NA,Real Estate Agents,"Professional Services,Real Estate Agents,QLD: Brisbane,Carseldine",https://www.startlocal.com.au/services/estate/qld_brisbane/Buy_Trade_Sell_1938071.html
Australian Estate Brokers: Carseldine,"By Appointment, Carseldine, QLD, 4034",(07) 30776570,http://www.estatebrokers.com.au/qld/carseldine,me@michaeldahdouh.com,NA,NA,NA,NA,NA,NA,NA,NA,NA,NA,"Property Management,Real Estate Agents,Real Estate Sales Advisory","Professional Services,Property Management,QLD: Brisbane,Carseldine,Professional Services,Real Estate Agents,QLD: Brisbane,Carseldine,Professional Services,Real Estate Sales Advisory,QLD: Brisbane,Carseldine",https://www.startlocal.com.au/services/estate/qld_brisbane/Australian_Estate_Brokers_Carseldine_2832840.html
Rockwealth Properties,"By Appointment, Chermside West, QLD, 4032",(07) 33598664,http://www.allaboutproperty.com.au,admin@allaboutproperty.com.au,NA,NA,NA,NA,NA,NA,NA,NA,NA,NA,"Real Estate Agents,Real Estate Buyers Agents,Real Estate Listing Services","Professional Services,Real Estate Agents,QLD: Brisbane,Chermside West,Professional Services,Real Estate Buyers Agents,QLD: Brisbane,Chermside West,Professional Services,Real Estate Listing Services,QLD: Brisbane,Chermside West",https://www.startlocal.com.au/services/estate/qld_brisbane/Rockwealth_Properties_2838336.html
Paul Evrat Property Development Manager,"PO Box 1621, Toombul, QLD, 4012",07 38684646,http://www.paulevrat.com.au,NA,NA,NA,NA,NA,NA,NA,NA,NA,NA,NA,Real Estate Agents,"Professional Services,Real Estate Agents,QLD: Brisbane,Toombul",https://www.startlocal.com.au/services/estate/qld_brisbane/Paul_Evrat_Property_Development_Manager_3261572.html
Star Realty,"1374 Gympie Rd, Aspley, QLD, 4034",(07) 32639866,NA,NA,NA,NA,NA,NA,NA,NA,NA,NA,NA,NA,Real Estate Agents,"Professional Services,Real Estate Agents,QLD: Brisbane,Aspley",https://www.startlocal.com.au/services/estate/qld_brisbane/Star_Realty_585002.html
Watt Realty,"Unit 8 1378 Gympie Rd, Aspley, QLD, 4034",732639555,http://www.wattrealty.com.au,NA,NA,NA,NA,NA,NA,NA,NA,NA,NA,NA,Real Estate Agents,"Professional Services,Real Estate Agents,QLD: Brisbane,Aspley",https://www.startlocal.com.au/services/estate/qld_brisbane/Watt_Realty_2561590.html
Oxmar Properties,"Suite 5, Level 2, Cnr Gympie & Zillmere Rds, Homemaker City, Aspley, QLD, 4034",(07) 32634977,http://www.oxmarproperties.com.au,britta@oxmarproperties.com.au,NA,NA,NA,NA,NA,NA,NA,NA,NA,NA,"Property Management,Real Estate Agents","Professional Services,Property Management,QLD: Brisbane,Aspley,Professional Services,Real Estate Agents,QLD: Brisbane,Aspley",https://www.startlocal.com.au/services/estate/qld_brisbane/Oxmar_Properties_1772174.html
Elders Real Estate Aspley,"Shop 5 1368 Gympie Rd, Aspley, QLD, 4034",(07) 38633488,NA,NA,NA,NA,NA,NA,NA,NA,NA,NA,NA,NA,Real Estate Agents,"Professional Services,Real Estate Agents,QLD: Brisbane,Aspley",https://www.startlocal.com.au/services/estate/qld_brisbane/Elders_Real_Estate_Aspley_1778025.html
Ray White: Aspley,"1374 Gympie Rd, Aspley, QLD, 4034",(07) 32630600,http://www.raywhiteaspley.com.au,NA,NA,NA,9:00am - 5:00pm,9:00am - 5:00pm,9:00am - 5:00pm,9:00am - 5:00pm,9:00am - 5:00pm,9:00am - 5:00pm,---,---,"Real Estate Agents,Real Estate Buyers Agents,Real Estate Listing Services","Professional Services,Real Estate Agents,QLD: Brisbane,Aspley,Professional Services,Real Estate Buyers Agents,QLD: Brisbane,Aspley,Professional Services,Real Estate Listing Services,QLD: Brisbane,Aspley",https://www.startlocal.com.au/services/estate/qld_brisbane/Ray_White_Aspley_1775969.html
Independent Property Negotiators,"Po Box 304, Aspley, QLD, 4034",1300886360,NA,NA,NA,NA,NA,NA,NA,NA,NA,NA,NA,NA,Real Estate Agents,"Professional Services,Real Estate Agents,QLD: Brisbane,Aspley",https://www.startlocal.com.au/services/estate/qld_brisbane/Independent_Property_Negotiators_2719634.html
Harcourts: Aspley,"Shop 5, 46 Gayford St, Planet Aspley, Aspley, QLD, 4034",(07) 38628666,http://www.aspley.harcourts.com.au,john.lin@harcourts.com.au,2004,NA,9:00am - 5:30pm,9:00am - 5:30pm,9:00am - 5:30pm,9:00am - 5:30pm,9:00am - 5:30pm,9:00am - 3:00pm,9:00am - 5:30pm,---,"Property Management,Real Estate Agents","Professional Services,Property Management,QLD: Brisbane,Aspley,Professional Services,Real Estate Agents,QLD: Brisbane,Aspley",https://www.startlocal.com.au/services/estate/qld_brisbane/Harcourts_Aspley_1891789.html
L J Hooker,"Shop 5 1374 Gympie Rd, Aspley, QLD, 4034",(07) 32636022,NA,NA,NA,NA,NA,NA,NA,NA,NA,NA,NA,NA,Real Estate Agents,"Professional Services,Real Estate Agents,QLD: Brisbane,Aspley",https://www.startlocal.com.au/services/estate/qld_brisbane/L_J_Hooker_1774702.html
Professionals,"1323 Gympie Rd, Aspley, QLD, 4034",736063388,http://www.professionalsaspley.com.au,NA,NA,NA,NA,NA,NA,NA,NA,NA,NA,NA,Real Estate Agents,"Professional Services,Real Estate Agents,QLD: Brisbane,Aspley",https://www.startlocal.com.au/services/estate/qld_brisbane/Professionals_2221396.html
Aspley Real Estate,"609 Robinson Rd W, Aspley, QLD, 4034",(07) 38630511,NA,NA,NA,NA,NA,NA,NA,NA,NA,NA,NA,NA,Real Estate Agents,"Professional Services,Real Estate Agents,QLD: Brisbane,Aspley",https://www.startlocal.com.au/services/estate/qld_brisbane/Aspley_Real_Estate_585013.html
Aspley Outlook,"Unit 13 217 Murphy Rd, Geebung, QLD, 4034",732564805,NA,NA,NA,NA,NA,NA,NA,NA,NA,NA,NA,NA,"Property Management,Real Estate Agents","Professional Services,Property Management,QLD: Brisbane,Geebung,Professional Services,Real Estate Agents,QLD: Brisbane,Geebung",https://www.startlocal.com.au/services/estate/qld_brisbane/Aspley_Outlook_2625224.html
Carseldine Realty,"Shop 1A 521 Beams Rd, Carseldine, QLD, 4034",738633339,NA,NA,NA,NA,NA,NA,NA,NA,NA,NA,NA,NA,Real Estate Agents,"Professional Services,Real Estate Agents,QLD: Brisbane,Carseldine",https://www.startlocal.com.au/services/estate/qld_brisbane/Carseldine_Realty_2207581.html
Globenet Realty,"Taigum Shopping Centre 6/217 Beams Rd, Taigum, QLD, 4018",(07) 32651133,NA,NA,NA,NA,NA,NA,NA,NA,NA,NA,NA,NA,"Property Management,Real Estate Agents","Professional Services,Property Management,QLD: Brisbane,Taigum,Professional Services,Real Estate Agents,QLD: Brisbane,Taigum",https://www.startlocal.com.au/services/estate/qld_brisbane/Globenet_Realty_1060413.html
Aspire Realty,"164 Ellison Rd, Geebung, QLD, 4034",(07) 32651567,NA,NA,NA,NA,NA,NA,NA,NA,NA,NA,NA,NA,Real Estate Agents,"Professional Services,Real Estate Agents,QLD: Brisbane,Geebung",https://www.startlocal.com.au/services/estate/qld_brisbane/Aspire_Realty_1777394.html
Pulse Properties,"613 Robinson Rd W, Aspley, QLD, 4034",(07) 32632055,NA,NA,NA,NA,NA,NA,NA,NA,NA,NA,NA,NA,Real Estate Agents,"Professional Services,Real Estate Agents,QLD: Brisbane,Aspley",https://www.startlocal.com.au/services/estate/qld_brisbane/Pulse_Properties_585083.html
Ray White: Taigum,"Shop 7E, 217 Beams Rd, Taigum Shopping Centre, Taigum, QLD, 4018",(07) 36308787,http://www.raywhite.com,NA,NA,NA,NA,NA,NA,NA,NA,NA,NA,NA,Real Estate Agents,"Professional Services,Real Estate Agents,QLD: Brisbane,Taigum",https://www.startlocal.com.au/services/estate/qld_brisbane/Ray_White_Taigum_1776080.html
Australian Estate Brokers: Taigum,"By Appointment, Taigum, QLD, 4018",(07) 30776570,http://www.estatebrokers.com.au/qld/taigum,me@michaeldahdouh.com,NA,NA,NA,NA,NA,NA,NA,NA,NA,NA,"Property Management,Real Estate Agents,Real Estate Sales Advisory","Professional Services,Property Management,QLD: Brisbane,Taigum,Professional Services,Real Estate Agents,QLD: Brisbane,Taigum,Professional Services,Real Estate Sales Advisory,QLD: Brisbane,Taigum",https://www.startlocal.com.au/services/estate/qld_brisbane/Australian_Estate_Brokers_Taigum_2832824.html
Tiac Services Pty Ltd,"Po Box 182, Zillmere, QLD, 4034",268512548,NA,NA,NA,NA,NA,NA,NA,NA,NA,NA,NA,NA,"Property Management,Real Estate Agents","Professional Services,Property Management,QLD: Brisbane,Zillmere,Professional Services,Real Estate Agents,QLD: Brisbane,Zillmere",https://www.startlocal.com.au/services/estate/qld_brisbane/Tiac_Services_Pty_Ltd_2786487.html
First Class Conveyancing: Cranbourne,"64 High St, Cranbourne, VIC, 3977",1300 956 321,http://firstclassconveyancing.com.au,leonie@firstclassconveyancing.com.au,NA,98164673643,9:00am - 5:00pm,9:00am - 5:00pm,9:00am - 5:00pm,9:00am - 5:00pm,9:00am - 5:00pm,---,---,---,Conveyancers,"Professional Services,Conveyancers,VIC: Melbourne,Cranbourne",https://www.startlocal.com.au/professional/conveyancers/vic_melbourne/First_Class_Conveyancing_Cranbourne_3256756.html
North Brisbane Real Est,"Unit 54 276 Handford Rd, Taigum, QLD, 4018",(07) 32656279,NA,NA,NA,NA,NA,NA,NA,NA,NA,NA,NA,NA,Real Estate Agents,"Professional Services,Real Estate Agents,QLD: Brisbane,Taigum",https://www.startlocal.com.au/services/estate/qld_brisbane/North_Brisbane_Real_Est_1777395.html
Realty Letting,"Unit 13 217 Murphy Rd, Geebung, QLD, 4034",(07) 32564805,NA,NA,NA,NA,NA,NA,NA,NA,NA,NA,NA,NA,Real Estate Agents,"Professional Services,Real Estate Agents,QLD: Brisbane,Geebung",https://www.startlocal.com.au/services/estate/qld_brisbane/Realty_Letting_1776167.html
Lexie Warren Solicitor,"Suite 5 244 Given Tce, Paddington, QLD, 4064",(07) 33683655,http://www.lexiewarren.com.au,NA,NA,NA,NA,NA,NA,NA,NA,NA,NA,NA,Property Lawyers and Solicitors,"Professional Services,Property Lawyers and Solicitors,QLD: Brisbane,Paddington",https://www.startlocal.com.au/professional/propertylawyers/qld_brisbane/Lexie_Warren_Solicitor_1807736.html
Devere Lawyers,"Level 11 344 Queen St, Brisbane, QLD, 4000",732362632,http://www.deverelawyers.com.au,NA,1993,NA,NA,NA,NA,NA,NA,NA,NA,NA,"Legal Costing and Support,Property Lawyers and Solicitors,Solicitors - General","Professional Services,Legal Costing and Support,QLD: Brisbane,Brisbane,Professional Services,Property Lawyers and Solicitors,QLD: Brisbane,Brisbane,Professional Services,Solicitors - General,QLD: Brisbane,Brisbane",https://www.startlocal.com.au/professional/legalcosting/qld_brisbane/Devere_Lawyers_2515738.html
Hayward & Co Lawyers,"Level 7 344 Queen St, Brisbane, QLD, 4000",732200998,http://www.wills-estates.com.au,NA,NA,NA,NA,NA,NA,NA,NA,NA,NA,NA,"Legal Costing and Support,Property Lawyers and Solicitors,Solicitors - General","Professional Services,Legal Costing and Support,QLD: Brisbane,Brisbane,Professional Services,Property Lawyers and Solicitors,QLD: Brisbane,Brisbane,Professional Services,Solicitors - General,QLD: Brisbane,Brisbane",https://www.startlocal.com.au/professional/legalcosting/qld_brisbane/Hayward_Co_Lawyers_2214451.html
Dunstan Hardcastle,"Ground Level, 1 Park Rd, Milton, QLD, 4064",(07) 33699050,http://www.dunstanhardcastle.com,mail@dunstanhardcastle.com,1998,NA,8:30am - 5:00pm,8:30am - 5:00pm,8:30am - 5:00pm,8:30am - 5:00pm,8:30am - 5:00pm,---,---,---,"Property Lawyers and Solicitors,Public Notaries,Wills, Probate & Estate Lawyers","Professional Services,Property Lawyers and Solicitors,QLD: Brisbane,Milton,Professional Services,Public Notaries,QLD: Brisbane,Milton,Professional Services,Wills, Probate & Estate Lawyers,QLD: Brisbane,Milton",https://www.startlocal.com.au/professional/notaries/qld_brisbane/Dunstan_Hardcastle_1900935.html
Hemming P D,"293 Queen St, Brisbane, QLD, 4000",732216777,http://www.conveyancingqueensland.com,NA,NA,NA,NA,NA,NA,NA,NA,NA,NA,NA,"Legal Costing and Support,Property Lawyers and Solicitors,Solicitors - General","Professional Services,Legal Costing and Support,QLD: Brisbane,Brisbane,Professional Services,Property Lawyers and Solicitors,QLD: Brisbane,Brisbane,Professional Services,Solicitors - General,QLD: Brisbane,Brisbane",https://www.startlocal.com.au/professional/legalcosting/qld_brisbane/Hemming_P_D_2487524.html
PathWest: Brookton,"Saddleback, Whittington St, Brookton, WA, 6306",(08) 98810481,https://pathwest.health.wa.gov.au,dale.james@pathwest.com.au,NA,61282636952,---,---,9:00am - 10:00am,---,---,---,---,---,"Other Health Care Services,Pathology Services,Specialist Medical Services","Health and Medical,Other Health Care Services,WA: Wheat Belt ,Brookton,Health and Medical,Pathology Services,WA: Wheat Belt,Brookton,Health and Medical,Specialist Medical Services,WA: Wheat Belt ,Brookton",https://www.startlocal.com.au/health/pathology/wa_wheatbelt/PathWest_Brookton_2666880.html
Macrossans Lawyers,"Gpo Box 2763, Brisbane, QLD, 4001",732929777,http://www.macrossans.com.au,NA,NA,NA,NA,NA,NA,NA,NA,NA,NA,NA,"Legal Costing and Support,Property Lawyers and Solicitors,Solicitors - General","Professional Services,Legal Costing and Support,QLD: Brisbane,Brisbane,Professional Services,Property Lawyers and Solicitors,QLD: Brisbane,Brisbane,Professional Services,Solicitors - General,QLD: Brisbane,Brisbane",https://www.startlocal.com.au/professional/legalcosting/qld_brisbane/Macrossans_Lawyers_1991172.html
Isles Graham Solicitor/Conveyancer,"1/55 Sherwood Rd, Toowong, QLD, 4066",(07) 38708244,NA,NA,NA,NA,NA,NA,NA,NA,NA,NA,NA,NA,Property Lawyers and Solicitors,"Professional Services,Property Lawyers and Solicitors,QLD: Brisbane,Toowong",https://www.startlocal.com.au/professional/propertylawyers/qld_brisbane/Isles_Graham_Solicitor_Conveyancer_1807737.html
L J Gilland Real Estate,"By Appointment, Aspley, QLD, 4034",(07) 32639883,http://www.ljgrealestate.com.au,linda@ljgrealestate.com.au,1996,NA,9:00am - 5:00pm,9:00am - 5:00pm,9:00am - 5:00pm,9:00am - 5:00pm,9:00am - 5:00pm,9:00am - 3:00pm,---,---,"Property Management,Real Estate Agents","Professional Services,Property Management,QLD: Brisbane,Aspley,Professional Services,Real Estate Agents,QLD: Brisbane,Aspley",https://www.startlocal.com.au/services/estate/qld_brisbane/L_J_Gilland_Real_Estate_2844090.html
Cavcorp,"Unit 8, 9 Longland St, Newstead, QLD, 4006",(07) 32571188,http://www.cavcorpqld.com.au,kristinakostic@e-cbd.com,NA,NA,NA,NA,NA,NA,NA,NA,NA,NA,"Architects,Property Developers","Building & Renovation,Architects,QLD: Brisbane,Newstead,Professional Services,Property Developers,QLD: Brisbane,Newstead",https://www.startlocal.com.au/services/architect/qld_brisbane/Cavcorp_1898961.html
Integrated Projects(Qld) Pty Ltd,"Po Box 837, New Farm, QLD, 4005",(07) 33586592,NA,NA,NA,NA,NA,NA,NA,NA,NA,NA,NA,NA,"Land Surveyors,Property Developers","Home Services,Land Surveyors,QLD: Brisbane,New Farm,Professional Services,Property Developers,QLD: Brisbane,New Farm",https://www.startlocal.com.au/services/propertydevelop/qld_brisbane/Integrated_Projects_Qld_Pty_Ltd_1700852.html
Winchester Young & Maddern Solicitors,"Level 1 Old Gabba Post Office Cnr Stanley & Hubert Streets, Woolloongabba, QLD, 4102",733914626,http://www.wym.com.au,NA,NA,NA,NA,NA,NA,NA,NA,NA,NA,NA,"Legal Costing and Support,Property Lawyers and Solicitors,Solicitors - General","Professional Services,Legal Costing and Support,QLD: Brisbane,Woolloongabba,Professional Services,Property Lawyers and Solicitors,QLD: Brisbane,Woolloongabba,Professional Services,Solicitors - General,QLD: Brisbane,Woolloongabba",https://www.startlocal.com.au/professional/legalcosting/qld_brisbane/Winchester_Young_Maddern_Solicitors_2381473.html
Brisbane Wills & Estate Lawyers,"55 Sherwood Rd, Toowong, QLD, 4066",733715422,NA,NA,NA,NA,NA,NA,NA,NA,NA,NA,NA,NA,"Legal Costing and Support,Property Lawyers and Solicitors,Solicitors - General","Professional Services,Legal Costing and Support,QLD: Brisbane,Toowong,Professional Services,Property Lawyers and Solicitors,QLD: Brisbane,Toowong,Professional Services,Solicitors - General,QLD: Brisbane,Toowong",https://www.startlocal.com.au/professional/legalcosting/qld_brisbane/Brisbane_Wills_Estate_Lawyers_2155424.html
Dimensions Property Group,"721 Sandgate Rd, Clayfield, QLD, 4011",(07) 32628796,NA,NA,NA,NA,NA,NA,NA,NA,NA,NA,NA,NA,"Property Developers,Real Estate Agents","Professional Services,Property Developers,QLD: Brisbane,Clayfield,Professional Services,Real Estate Agents,QLD: Brisbane,Clayfield",https://www.startlocal.com.au/services/propertydevelop/qld_brisbane/Dimensions_Property_Group_1777392.html
Eaton Lawyers: Mt Isa,"91 Miles St, Mt Isa, QLD, 4825",(07) 47430944,http://www.eatonlawyers.com.au,NA,NA,NA,NA,NA,NA,NA,NA,NA,NA,NA,"Legal Costing and Support,Property Lawyers and Solicitors,Solicitors - General","Professional Services,Legal Costing and Support,QLD: Townsville,Mt Isa,Professional Services,Property Lawyers and Solicitors,QLD: Townsville,Mt Isa,Professional Services,Solicitors - General,QLD: Townsville,Mt Isa",https://www.startlocal.com.au/professional/propertylawyers/qld_townsville/Eaton_Lawyers_Mt_Isa_1956279.html
Dgs Property Group Pty Ltd,"76 Merthyr Rd, New Farm, QLD, 4005",(07) 32540455,NA,NA,NA,NA,NA,NA,NA,NA,NA,NA,NA,NA,Property Developers,"Professional Services,Property Developers,QLD: Brisbane,New Farm",https://www.startlocal.com.au/services/propertydevelop/qld_brisbane/Dgs_Property_Group_Pty_Ltd_1779087.html
Tabrizi Property Group Pty Ltd,"183 James St, New Farm, QLD, 4005",(07) 32542887,NA,NA,NA,NA,NA,NA,NA,NA,NA,NA,NA,NA,Property Developers,"Professional Services,Property Developers,QLD: Brisbane,New Farm",https://www.startlocal.com.au/services/propertydevelop/qld_brisbane/Tabrizi_Property_Group_Pty_Ltd_1779090.html
Edington Properties,"26 Harries Rd, Coorparoo, QLD, 4151",(07) 38478500,NA,NA,NA,NA,NA,NA,NA,NA,NA,NA,NA,NA,Property Developers,"Professional Services,Property Developers,QLD: Brisbane,Coorparoo",https://www.startlocal.com.au/services/propertydevelop/qld_brisbane/Edington_Properties_573797.html
Property Projects Qld Pty Ltd,"29-31 Clarence St, Coorparoo, QLD, 4151",(07) 33240233,NA,NA,NA,NA,NA,NA,NA,NA,NA,NA,NA,NA,Property Developers,"Professional Services,Property Developers,QLD: Brisbane,Coorparoo",https://www.startlocal.com.au/services/propertydevelop/qld_brisbane/Property_Projects_Qld_Pty_Ltd_1779156.html
E-Property Consultants,"137 Cavendish Rd, Coorparoo, QLD, 4151",(07) 47288266,NA,NA,NA,NA,NA,NA,NA,NA,NA,NA,NA,NA,"Property Developers,Real Estate Agents","Professional Services,Property Developers,QLD: Brisbane,Coorparoo,Professional Services,Real Estate Agents,QLD: Brisbane,Coorparoo",https://www.startlocal.com.au/services/propertydevelop/qld_brisbane/E-Property_Consultants_1773877.html
Designed For Sale,"2 Glenlyon Drv, Ascot, QLD, 4007",432684899,http://designedforsale.com.au,NA,2008,2147483647,NA,NA,NA,NA,NA,NA,NA,NA,"Property Developers,Real Estate Agents","Professional Services,Property Developers,QLD: Brisbane,Ascot,Professional Services,Real Estate Agents,QLD: Brisbane,Ascot",https://www.startlocal.com.au/services/propertydevelop/qld_brisbane/Designed_For_Sale_2220404.html
A.T. Design Pty Ltd,"Po Box 433, Bulimba, QLD, 4171",(07) 33996191,NA,NA,NA,NA,NA,NA,NA,NA,NA,NA,NA,NA,Property Developers,"Professional Services,Property Developers,QLD: Brisbane,Bulimba",https://www.startlocal.com.au/services/propertydevelop/qld_brisbane/A.T._Design_Pty_Ltd_1779164.html
David Clark Enterprises,"95 Anthony St, Ascot, QLD, 4007",(07) 38621939,NA,NA,NA,NA,NA,NA,NA,NA,NA,NA,NA,NA,Property Developers,"Professional Services,Property Developers,QLD: Brisbane,Ascot",https://www.startlocal.com.au/services/propertydevelop/qld_brisbane/David_Clark_Enterprises_1779097.html
Pinjarra Development Pty Ltd,"Po Box 737, Bulimba, QLD, 4171",(07) 38996800,NA,NA,NA,NA,NA,NA,NA,NA,NA,NA,NA,NA,"Property Developers,Real Estate Agents","Professional Services,Property Developers,QLD: Brisbane,Bulimba,Professional Services,Real Estate Agents,QLD: Brisbane,Bulimba",https://www.startlocal.com.au/services/propertydevelop/qld_brisbane/Pinjarra_Development_Pty_Ltd_1777434.html
Karoo Investments Pty Ltd,"Unit 5 14 Hilda St, Hamilton, QLD, 4007",0412 988889,NA,NA,NA,NA,NA,NA,NA,NA,NA,NA,NA,NA,Property Developers,"Professional Services,Property Developers,QLD: Brisbane,Hamilton",https://www.startlocal.com.au/services/propertydevelop/qld_brisbane/Karoo_Investments_Pty_Ltd_1779096.html
Conrads Developments,"Po Box 374, Capalaba, QLD, 4157",(07) 38902622,NA,NA,NA,NA,NA,NA,NA,NA,NA,NA,NA,NA,Property Developers,"Professional Services,Property Developers,QLD: Brisbane,Capalaba",https://www.startlocal.com.au/services/propertydevelop/qld_brisbane/Conrads_Developments_573811.html
Garden Green Pty Ltd,"19 Creek Rd, Birkdale, QLD, 4159",0418 418438,NA,NA,NA,NA,NA,NA,NA,NA,NA,NA,NA,NA,"Builders,Property Developers","Building & Renovation,Builders,QLD: Brisbane,Birkdale,Professional Services,Property Developers,QLD: Brisbane,Birkdale",https://www.startlocal.com.au/services/builders/qld_brisbane/Garden_Green_Pty_Ltd_1490671.html
Greendale Park Estate,"Amersham Crs, Carindale, QLD, 4152",(07) 38497988,NA,NA,NA,NA,NA,NA,NA,NA,NA,NA,NA,NA,Property Developers,"Professional Services,Property Developers,QLD: Brisbane,Carindale",https://www.startlocal.com.au/services/propertydevelop/qld_brisbane/Greendale_Park_Estate_573805.html
Sundowner Development & Construction Pty Ltd,"Po Box 5260, Alexandra Hills, QLD, 4161",(07) 38248630,NA,NA,NA,NA,NA,NA,NA,NA,NA,NA,NA,NA,Property Developers,"Professional Services,Property Developers,QLD: Brisbane,Alexandra Hills",https://www.startlocal.com.au/services/propertydevelop/qld_brisbane/Sundowner_Development_Construction_Pty_Ltd_1779158.html
Summus Investors Group,"Po Box 3161, Birkdale, QLD, 4159",(07) 38225410,NA,NA,NA,NA,NA,NA,NA,NA,NA,NA,NA,NA,Property Developers,"Professional Services,Property Developers,QLD: Brisbane,Birkdale",https://www.startlocal.com.au/services/propertydevelop/qld_brisbane/Summus_Investors_Group_573818.html
Bellevue Homes (Qld) Pty Ltd,"92 Mary Pleasant Dr, Birkdale, QLD, 4159",(07) 38225136,NA,NA,NA,NA,NA,NA,NA,NA,NA,NA,NA,NA,Property Developers,"Professional Services,Property Developers,QLD: Brisbane,Birkdale",https://www.startlocal.com.au/services/propertydevelop/qld_brisbane/Bellevue_Homes_Qld_Pty_Ltd_1779157.html
Metroplex Management Pty Ltd,"Level 1 28 Metroplex Ave, Murarrie, QLD, 4172",(07) 38995411,NA,NA,NA,NA,NA,NA,NA,NA,NA,NA,NA,NA,Property Developers,"Professional Services,Property Developers,QLD: Brisbane,Murarrie",https://www.startlocal.com.au/services/propertydevelop/qld_brisbane/Metroplex_Management_Pty_Ltd_1779165.html
Johnston Properties,"304 Fison Ave E, Eagle Farm, QLD, 4009",(07) 32686588,NA,NA,NA,NA,NA,NA,NA,NA,NA,NA,NA,NA,Property Developers,"Professional Services,Property Developers,QLD: Brisbane,Eagle Farm",https://www.startlocal.com.au/services/propertydevelop/qld_brisbane/Johnston_Properties_577311.html
Summus Investors Group,"PO Box 3161, Birkdale, QLD, 4159",07 38225405,NA,NA,NA,NA,NA,NA,NA,NA,NA,NA,NA,NA,Property Developers,"Professional Services,Property Developers,QLD: Brisbane,Birkdale",https://www.startlocal.com.au/services/propertydevelop/qld_brisbane/Summus_Investors_Group_3284644.html
Garden Green Land Subdivision,"19 Creek Rd, Birkdale, QLD, 4159",0408 418438,NA,NA,NA,NA,NA,NA,NA,NA,NA,NA,NA,NA,"Builders,Property Developers","Building & Renovation,Builders,QLD: Brisbane,Birkdale,Professional Services,Property Developers,QLD: Brisbane,Birkdale",https://www.startlocal.com.au/services/builders/qld_brisbane/Garden_Green_Land_Subdivision_1498457.html
